KEY,"Footprint","Datasheet","MFN","MFP","D1PN","D1PL","D2PN","D2PL"
RES_1_0402_1/16_1%,"Dipoles_SMD:R_0402","http://www.vishay.com/docs/20035/dcrcwe3.pdf","Vishay","CRCW04021R00FKED","541-1.00LL","http://www.digikey.com/product-detail/en/CRCW04021R00FKED/541-1.00LLCT-ND/1961882","_","_"
RES_1_0402_0.063_1%,"Dipoles_SMD:R_0402","http://www.vishay.com/docs/20035/dcrcwe3.pdf","Vishay","CRCW04021R00FKED","541-1.00LL","http://www.digikey.com/product-detail/en/CRCW04021R00FKED/541-1.00LLCT-ND/1961882","_","_"
RES_1.0_0402_1/16_1%,"Dipoles_SMD:R_0402","http://www.vishay.com/docs/20035/dcrcwe3.pdf","Vishay","CRCW04021R00FKED","541-1.00LL","http://www.digikey.com/product-detail/en/CRCW04021R00FKED/541-1.00LLCT-ND/1961882","_","_"
RES_1.1_0402_1/16_1%,"Dipoles_SMD:R_0402","http://www.vishay.com/docs/20035/dcrcwe3.pdf","Vishay","CRCW04021R10FKED","541-1.10LL","http://www.digikey.com/product-detail/en/CRCW04021R10FKED/541-1.10LLCT-ND/1961886","_","_"
RES_1.2_0402_1/16_1%,"Dipoles_SMD:R_0402","http://www.vishay.com/docs/20035/dcrcwe3.pdf","Vishay","CRCW04021R20FKED","541-1.20LL","http://www.digikey.com/product-detail/en/CRCW04021R20FKED/541-1.20LLCT-ND/1961890","_","_"
RES_1.3_0402_1/16_1%,"Dipoles_SMD:R_0402","http://www.vishay.com/docs/20035/dcrcwe3.pdf","Vishay","CRCW04021R30FKED","541-1.30LL","http://www.digikey.com/product-detail/en/CRCW04021R30FKED/541-1.30LLCT-ND/1961894","_","_"
RES_1.5_0402_1/16_1%,"Dipoles_SMD:R_0402","http://www.vishay.com/docs/20035/dcrcwe3.pdf","Vishay","CRCW04021R50FKED","541-1.50LL","http://www.digikey.com/product-detail/en/CRCW04021R50FKED/541-1.50LLCT-ND/1961900","_","_"
RES_1.6_0402_1/16_1%,"Dipoles_SMD:R_0402","http://www.vishay.com/docs/20035/dcrcwe3.pdf","Vishay","CRCW04021R60FKED","541-1.60LL","http://www.digikey.com/product-detail/en/CRCW04021R60FKED/541-1.60LLCT-ND/1961903","_","_"
RES_1.8_0402_1/16_1%,"Dipoles_SMD:R_0402","http://www.vishay.com/docs/20035/dcrcwe3.pdf","Vishay","CRCW04021R80FKED","541-1.80LL","http://www.digikey.com/product-detail/en/CRCW04021R80FKED/541-1.80LLCT-ND/1961909","_","_"
RES_2.0_0402_1/16_1%,"Dipoles_SMD:R_0402","http://www.vishay.com/docs/20035/dcrcwe3.pdf","Vishay","CRCW04022R00FKED","541-2.00LL","http://www.digikey.com/product-detail/en/CRCW04022R00FKED/541-2.00LLCT-ND/1961914","_","_"
RES_2_0402_1/16_1%,"Dipoles_SMD:R_0402","http://www.vishay.com/docs/20035/dcrcwe3.pdf","Vishay","CRCW04022R00FKED","541-2.00LL","http://www.digikey.com/product-detail/en/CRCW04022R00FKED/541-2.00LLCT-ND/1961914","_","_"
RES_2.2_0402_1/16_1%,"Dipoles_SMD:R_0402","http://www.vishay.com/docs/20035/dcrcwe3.pdf","Vishay","CRCW04022R20FKED","541-2.20LL","http://www.digikey.com/product-detail/en/CRCW04022R20FKED/541-2.20LLCT-ND/1961918","_","_"
RES_2.4_0402_1/16_1%,"Dipoles_SMD:R_0402","http://www.vishay.com/docs/20035/dcrcwe3.pdf","Vishay","CRCW04022R40FKED","541-2.40LL","http://www.digikey.com/product-detail/en/CRCW04022R40FKED/541-2.40LLCT-ND/1961923","_","_"
RES_2.7_0402_1/16_1%,"Dipoles_SMD:R_0402","http://www.vishay.com/docs/20035/dcrcwe3.pdf","Vishay","CRCW04022R70FKED","541-2.70LL","http://www.digikey.com/product-detail/en/CRCW04022R70FKED/541-2.70LLCT-ND/1961929","_","_"
RES_3_0402_1/16_1%,"Dipoles_SMD:R_0402","http://www.vishay.com/docs/20035/dcrcwe3.pdf","Vishay","CRCW04023R00FKED","541-3.00LL","http://www.digikey.com/product-detail/en/CRCW04023R00FKED/541-3.00LLCT-ND/1961934","_","_"
RES_3.0_0402_1/16_1%,"Dipoles_SMD:R_0402","http://www.vishay.com/docs/20035/dcrcwe3.pdf","Vishay","CRCW04023R00FKED","541-3.00LL","http://www.digikey.com/product-detail/en/CRCW04023R00FKED/541-3.00LLCT-ND/1961934","_","_"
RES_3.3_0402_1/16_1%,"Dipoles_SMD:R_0402","http://www.vishay.com/docs/20035/dcrcwe3.pdf","Vishay","CRCW04023R30FKED","541-3.30LL","http://www.digikey.com/product-detail/en/CRCW04023R30FKED/541-3.30LLCT-ND/1961939","_","_"
RES_3.6_0402_1/16_1%,"Dipoles_SMD:R_0402","http://www.vishay.com/docs/20035/dcrcwe3.pdf","Vishay","CRCW04023R60FKED","541-3.60LL","http://www.digikey.com/product-detail/en/CRCW04023R60FKED/541-3.60LLCT-ND/1961944","_","_"
RES_3.9_0402_1/16_1%,"Dipoles_SMD:R_0402","http://www.vishay.com/docs/20035/dcrcwe3.pdf","Vishay","CRCW04023R90FKED","541-3.90LL","http://www.digikey.com/product-detail/en/CRCW04023R90FKED/541-3.90LLCT-ND/1961949","_","_"
RES_4.3_0402_1/16_1%,"Dipoles_SMD:R_0402","http://www.vishay.com/docs/20035/dcrcwe3.pdf","Vishay","CRCW04024R30FKED","541-4.30LL","http://www.digikey.com/product-detail/en/CRCW04024R30FKED/541-4.30LLCT-ND/1961954","_","_"
RES_4.7_0402_1/16_1%,"Dipoles_SMD:R_0402","http://www.vishay.com/docs/20035/dcrcwe3.pdf","Vishay","CRCW04024R70FKED","541-4.70LL","http://www.digikey.com/product-detail/en/CRCW04024R70FKED/541-4.70LLCT-ND/1961959","_","_"
RES_5.1_0402_1/16_1%,"Dipoles_SMD:R_0402","http://www.vishay.com/docs/20035/dcrcwe3.pdf","Vishay","CRCW04025R10FKED","541-5.10LL","http://www.digikey.com/product-detail/en/CRCW04025R10FKED/541-5.10LLCT-ND/1961963","_","_"
RES_5.6_0402_1/16_1%,"Dipoles_SMD:R_0402","http://www.vishay.com/docs/20035/dcrcwe3.pdf","Vishay","CRCW04025R60FKED","541-5.60LL","http://www.digikey.com/product-detail/en/CRCW04025R60FKED/541-5.60LLCT-ND/1961968","_","_"
RES_6.2_0402_1/16_1%,"Dipoles_SMD:R_0402","http://www.vishay.com/docs/20035/dcrcwe3.pdf","Vishay","CRCW04026R20FKED","541-6.20LL","http://www.digikey.com/product-detail/en/CRCW04026R20FKED/541-6.20LLCT-ND/1961974","_","_"
RES_6.8_0402_1/16_1%,"Dipoles_SMD:R_0402","http://www.vishay.com/docs/20035/dcrcwe3.pdf","Vishay","CRCW04026R80FKED","541-6.80LL","http://www.digikey.com/product-detail/en/CRCW04026R80FKED/541-6.80LLCT-ND/1961978","_","_"
RES_7.5_0402_1/16_1%,"Dipoles_SMD:R_0402","http://www.vishay.com/docs/20035/dcrcwe3.pdf","Vishay","CRCW04027R50FKED","541-7.50LL","http://www.digikey.com/product-detail/en/CRCW04027R50FKED/541-7.50LLCT-ND/1961983","_","_"
RES_8.2_0402_1/16_1%,"Dipoles_SMD:R_0402","http://www.vishay.com/docs/20035/dcrcwe3.pdf","Vishay","CRCW04028R20FKED","541-8.20LL","http://www.digikey.com/product-detail/en/CRCW04028R20FKED/541-8.20LLCT-ND/1961987","_","_"
RES_9.1_0402_1/16_1%,"Dipoles_SMD:R_0402","http://www.vishay.com/docs/20035/dcrcwe3.pdf","Vishay","CRCW04029R10FKED","541-9.10LL","http://www.digikey.com/product-detail/en/CRCW04029R10FKED/541-9.10LLCT-ND/1961993","_","_"
RES_10_0402_1/16_1%,"Dipoles_SMD:R_0402","http://www.vishay.com/docs/20035/dcrcwe3.pdf","Vishay","CRCW040210R0FKED","541-10.0LCT","http://www.digikey.com/product-detail/en/CRCW040210R0FKED/541-10.0LCT-ND/1182895","_","_"
RES_10.0_0402_1/16_1%,"Dipoles_SMD:R_0402","http://www.vishay.com/docs/20035/dcrcwe3.pdf","Vishay","CRCW040210R0FKED","541-10.0LCT","http://www.digikey.com/product-detail/en/CRCW040210R0FKED/541-10.0LCT-ND/1182895","_","_"
RES_11_0402_1/16_1%,"Dipoles_SMD:R_0402","http://www.vishay.com/docs/20035/dcrcwe3.pdf","Vishay","CRCW040211R0FKED","541-11.0LCT","http://www.digikey.com/product-detail/en/CRCW040211R0FKED/541-11.0LCT-ND/1182899","_","_"
RES_12_0402_1/16_1%,"Dipoles_SMD:R_0402","http://www.vishay.com/docs/20035/dcrcwe3.pdf","Vishay","CRCW040212R0FKED","541-12.0LCT","http://www.digikey.com/product-detail/en/CRCW040212R0FKED/541-12.0LCT-ND/1182903","_","_"
RES_13_0402_1/16_1%,"Dipoles_SMD:R_0402","http://www.vishay.com/docs/20035/dcrcwe3.pdf","Vishay","CRCW040213R0FKED","541-13.0LCT","http://www.digikey.com/product-detail/en/CRCW040213R0FKED/541-13.0LCT-ND/1182907","_","_"
RES_15_0402_1/16_1%,"Dipoles_SMD:R_0402","http://www.vishay.com/docs/20035/dcrcwe3.pdf","Vishay","CRCW040215R0FKED","541-15.0LCT","http://www.digikey.com/product-detail/en/CRCW040215R0FKED/541-15.0LCT-ND/1182913","_","_"
RES_16_0402_1/16_1%,"Dipoles_SMD:R_0402","http://www.vishay.com/docs/20035/dcrcwe3.pdf","Vishay","CRCW040216R0FKED","541-16.0LCT","http://www.digikey.com/product-detail/en/CRCW040216R0FKED/541-16.0LCT-ND/1182916","_","_"
RES_18_0402_1/16_1%,"Dipoles_SMD:R_0402","http://www.vishay.com/docs/20035/dcrcwe3.pdf","Vishay","CRCW040218R0FKED","541-18.0LCT","http://www.digikey.com/product-detail/en/CRCW040218R0FKED/541-18.0LCT-ND/1182922","_","_"
RES_20_0402_1/16_1%,"Dipoles_SMD:R_0402","http://www.vishay.com/docs/20035/dcrcwe3.pdf","Vishay","CRCW040220R0FKED","541-20.0LCT","http://www.digikey.com/product-detail/en/CRCW040220R0FKED/541-20.0LCT-ND/1182927","_","_"
RES_20.0_0402_1/16_1%,"Dipoles_SMD:R_0402","http://www.vishay.com/docs/20035/dcrcwe3.pdf","Vishay","CRCW040220R0FKED","541-20.0LCT","http://www.digikey.com/product-detail/en/CRCW040220R0FKED/541-20.0LCT-ND/1182927","_","_"
RES_22_0402_1/16_1%,"Dipoles_SMD:R_0402","http://www.vishay.com/docs/20035/dcrcwe3.pdf","Vishay","CRCW040222R0FKED","541-22.0LCT","http://www.digikey.com/product-detail/en/CRCW040222R0FKED/541-22.0LCT-ND/1182931","_","_"
RES_24_0402_1/16_1%,"Dipoles_SMD:R_0402","http://www.vishay.com/docs/20035/dcrcwe3.pdf","Vishay","CRCW040224R0FKED","541-24.0LCT","http://www.digikey.com/product-detail/en/CRCW040224R0FKED/541-24.0LCT-ND/1182936","_","_"
RES_27_0402_1/16_1%,"Dipoles_SMD:R_0402","http://www.vishay.com/docs/20035/dcrcwe3.pdf","Vishay","CRCW040227R0FKED","541-27.0LCT","http://www.digikey.com/product-detail/en/CRCW040227R0FKED/541-27.0LCT-ND/1182942","_","_"
RES_30_0402_1/16_1%,"Dipoles_SMD:R_0402","http://www.vishay.com/docs/20035/dcrcwe3.pdf","Vishay","CRCW040230R0FKED","541-30.0LCT","http://www.digikey.com/product-detail/en/CRCW040230R0FKED/541-30.0LCT-ND/1182947","_","_"
RES_30.0_0402_1/16_1%,"Dipoles_SMD:R_0402","http://www.vishay.com/docs/20035/dcrcwe3.pdf","Vishay","CRCW040230R0FKED","541-30.0LCT","http://www.digikey.com/product-detail/en/CRCW040230R0FKED/541-30.0LCT-ND/1182947","_","_"
RES_33_0402_1/16_1%,"Dipoles_SMD:R_0402","http://www.vishay.com/docs/20035/dcrcwe3.pdf","Vishay","CRCW040233R0FKED","541-33.0LCT","http://www.digikey.com/product-detail/en/CRCW040233R0FKED/541-33.0LCT-ND/1182952","_","_"
RES_36_0402_1/16_1%,"Dipoles_SMD:R_0402","http://www.vishay.com/docs/20035/dcrcwe3.pdf","Vishay","CRCW040236R0FKED","541-36.0LCT","http://www.digikey.com/product-detail/en/CRCW040236R0FKED/541-36.0LCT-ND/1182957","_","_"
RES_39_0402_1/16_1%,"Dipoles_SMD:R_0402","http://www.vishay.com/docs/20035/dcrcwe3.pdf","Vishay","CRCW040239R0FKED","541-39.0LCT","http://www.digikey.com/product-detail/en/CRCW040239R0FKED/541-39.0LCT-ND/1182961","_","_"
RES_43_0402_1/16_1%,"Dipoles_SMD:R_0402","http://www.vishay.com/docs/20035/dcrcwe3.pdf","Vishay","CRCW040243R0FKED","541-43.0LCT","http://www.digikey.com/product-detail/en/CRCW040243R0FKED/541-43.0LCT-ND/1182966","_","_"
RES_47_0402_1/16_1%,"Dipoles_SMD:R_0402","http://www.vishay.com/docs/20035/dcrcwe3.pdf","Vishay","CRCW040247R0FKED","541-47.0LCT","http://www.digikey.com/product-detail/en/CRCW040247R0FKED/541-47.0LCT-ND/1182971","_","_"
RES_51_0402_1/16_1%,"Dipoles_SMD:R_0402","http://www.vishay.com/docs/20035/dcrcwe3.pdf","Vishay","CRCW040251R0FKED","541-51.0LCT","http://www.digikey.com/product-detail/en/CRCW040251R0FKED/541-51.0LCT-ND/1182975","_","_"
RES_49.9_0402_1/16_1%,"Dipoles_SMD:R_0402","http://www.vishay.com/docs/20035/dcrcwe3.pdf","Vishay","CRCW040249R9FKED","541-49.9L","http://www.digikey.com/product-detail/en/CRCW040249R9FKED/541-49.9LCT-ND/1182974","_","_"
RES_56_0402_1/16_1%,"Dipoles_SMD:R_0402","http://www.vishay.com/docs/20035/dcrcwe3.pdf","Vishay","CRCW040256R0FKED","541-56.0LCT","http://www.digikey.com/product-detail/en/CRCW040256R0FKED/541-56.0LCT-ND/1182980","_","_"
RES_62_0402_1/16_1%,"Dipoles_SMD:R_0402","http://www.vishay.com/docs/20035/dcrcwe3.pdf","Vishay","CRCW040262R0FKED","541-62.0LCT","http://www.digikey.com/product-detail/en/CRCW040262R0FKED/541-62.0LCT-ND/1182986","_","_"
RES_68_0402_1/16_1%,"Dipoles_SMD:R_0402","http://www.vishay.com/docs/20035/dcrcwe3.pdf","Vishay","CRCW040268R0FKED","541-68.0LCT","http://www.digikey.com/product-detail/en/CRCW040268R0FKED/541-68.0LCT-ND/1182990","_","_"
RES_75_0402_1/16_1%,"Dipoles_SMD:R_0402","http://www.vishay.com/docs/20035/dcrcwe3.pdf","Vishay","CRCW040275R0FKED","541-75.0LCT","http://www.digikey.com/product-detail/en/CRCW040275R0FKED/541-75.0LCT-ND/1182995","_","_"
RES_82_0402_1/16_1%,"Dipoles_SMD:R_0402","http://www.vishay.com/docs/20035/dcrcwe3.pdf","Vishay","CRCW040282R0FKED","541-82.0LCT","http://www.digikey.com/product-detail/en/CRCW040282R0FKED/541-82.0LCT-ND/1182999","_","_"
RES_91_0402_1/16_1%,"Dipoles_SMD:R_0402","http://www.vishay.com/docs/20035/dcrcwe3.pdf","Vishay","CRCW040291R0FKED","541-91.0LCT","http://www.digikey.com/product-detail/en/CRCW040291R0FKED/541-91.0LCT-ND/1183005","_","_"
RES_100_0402_1/16_1%,"Dipoles_SMD:R_0402","http://www.vishay.com/docs/20035/dcrcwe3.pdf","Vishay","CRCW0402100RFKED","541-100LCT","http://www.digikey.com/product-detail/en/CRCW0402100RFKED/541-100LCT-ND/1183009","_","_"
RES_110_0402_1/16_1%,"Dipoles_SMD:R_0402","http://www.vishay.com/docs/20035/dcrcwe3.pdf","Vishay","CRCW0402110RFKED","541-110LCT","http://www.digikey.com/product-detail/en/CRCW0402110RFKED/541-110LCT-ND/1183013","_","_"
RES_120_0402_1/16_1%,"Dipoles_SMD:R_0402","http://www.vishay.com/docs/20035/dcrcwe3.pdf","Vishay","CRCW0402120RFKED","541-120LCT","http://www.digikey.com/product-detail/en/CRCW0402120RFKED/541-120LCT-ND/1183017","_","_"
RES_130_0402_1/16_1%,"Dipoles_SMD:R_0402","http://www.vishay.com/docs/20035/dcrcwe3.pdf","Vishay","CRCW0402130RFKED","541-130LCT","http://www.digikey.com/product-detail/en/CRCW0402130RFKED/541-130LCT-ND/1183021","_","_"
RES_150_0402_1/16_1%,"Dipoles_SMD:R_0402","http://www.vishay.com/docs/20035/dcrcwe3.pdf","Vishay","CRCW0402150RFKED","541-150LCT","http://www.digikey.com/product-detail/en/CRCW0402150RFKED/541-150LCT-ND/1183027","_","_"
RES_160_0402_1/16_1%,"Dipoles_SMD:R_0402","http://www.vishay.com/docs/20035/dcrcwe3.pdf","Vishay","CRCW0402160RFKED","541-160LCT","http://www.digikey.com/product-detail/en/CRCW0402160RFKED/541-160LCT-ND/1183030","_","_"
RES_180_0402_1/16_1%,"Dipoles_SMD:R_0402","http://www.vishay.com/docs/20035/dcrcwe3.pdf","Vishay","CRCW0402180RFKED","541-180LCT","http://www.digikey.com/product-detail/en/CRCW0402180RFKED/541-180LCT-ND/1183036","_","_"
RES_200_0402_1/16_1%,"Dipoles_SMD:R_0402","http://www.vishay.com/docs/20035/dcrcwe3.pdf","Vishay","CRCW0402200RFKED","541-200LCT","http://www.digikey.com/product-detail/en/CRCW0402200RFKED/541-200LCT-ND/1183041","_","_"
RES_220_0402_1/16_1%,"Dipoles_SMD:R_0402","http://www.vishay.com/docs/20035/dcrcwe3.pdf","Vishay","CRCW0402220RFKED","541-220LCT","http://www.digikey.com/product-detail/en/CRCW0402220RFKED/541-220LCT-ND/1183045","_","_"
RES_240_0402_1/16_1%,"Dipoles_SMD:R_0402","http://www.vishay.com/docs/20035/dcrcwe3.pdf","Vishay","CRCW0402240RFKED","541-240LCT","http://www.digikey.com/product-detail/en/CRCW0402240RFKED/541-240LCT-ND/1183050","_","_"
RES_270_0402_1/16_1%,"Dipoles_SMD:R_0402","http://www.vishay.com/docs/20035/dcrcwe3.pdf","Vishay","CRCW0402270RFKED","541-270LCT","http://www.digikey.com/product-detail/en/CRCW0402270RFKED/541-270LCT-ND/1183056","_","_"
RES_300_0402_1/16_1%,"Dipoles_SMD:R_0402","http://www.vishay.com/docs/20035/dcrcwe3.pdf","Vishay","CRCW0402300RFKED","541-300LCT","http://www.digikey.com/product-detail/en/CRCW0402300RFKED/541-300LCT-ND/1183061","_","_"
RES_330_0402_1/16_1%,"Dipoles_SMD:R_0402","http://www.vishay.com/docs/20035/dcrcwe3.pdf","Vishay","CRCW0402330RFKED","541-330LCT","http://www.digikey.com/product-detail/en/CRCW0402330RFKED/541-330LCT-ND/1183066","_","_"
RES_360_0402_1/16_1%,"Dipoles_SMD:R_0402","http://www.vishay.com/docs/20035/dcrcwe3.pdf","Vishay","CRCW0402360RFKED","541-360LCT","http://www.digikey.com/product-detail/en/CRCW0402360RFKED/541-360LCT-ND/1183071","_","_"
RES_390_0402_1/16_1%,"Dipoles_SMD:R_0402","http://www.vishay.com/docs/20035/dcrcwe3.pdf","Vishay","CRCW0402390RFKED","541-390LCT","http://www.digikey.com/product-detail/en/CRCW0402390RFKED/541-390LCT-ND/1183075","_","_"
RES_430_0402_1/16_1%,"Dipoles_SMD:R_0402","http://www.vishay.com/docs/20035/dcrcwe3.pdf","Vishay","CRCW0402430RFKED","541-430LCT","http://www.digikey.com/product-detail/en/CRCW0402430RFKED/541-430LCT-ND/1183080","_","_"
RES_470_0402_1/16_1%,"Dipoles_SMD:R_0402","http://www.vishay.com/docs/20035/dcrcwe3.pdf","Vishay","CRCW0402470RFKED","541-470LCT","http://www.digikey.com/product-detail/en/CRCW0402470RFKED/541-470LCT-ND/1183085","_","_"
RES_510_0402_1/16_1%,"Dipoles_SMD:R_0402","http://www.vishay.com/docs/20035/dcrcwe3.pdf","Vishay","CRCW0402510RFKED","541-510LCT","http://www.digikey.com/product-detail/en/CRCW0402510RFKED/541-510LCT-ND/1183089","_","_"
RES_560_0402_1/16_1%,"Dipoles_SMD:R_0402","http://www.vishay.com/docs/20035/dcrcwe3.pdf","Vishay","CRCW0402560RFKED","541-560LCT","http://www.digikey.com/product-detail/en/CRCW0402560RFKED/541-560LCT-ND/1183094","_","_"
RES_620_0402_1/16_1%,"Dipoles_SMD:R_0402","http://www.vishay.com/docs/20035/dcrcwe3.pdf","Vishay","CRCW0402620RFKED","541-620LCT","http://www.digikey.com/product-detail/en/CRCW0402620RFKED/541-620LCT-ND/1183100","_","_"
RES_680_0402_1/16_1%,"Dipoles_SMD:R_0402","http://www.vishay.com/docs/20035/dcrcwe3.pdf","Vishay","CRCW0402680RFKED","541-680LCT","http://www.digikey.com/product-detail/en/CRCW0402680RFKED/541-680LCT-ND/1183104","_","_"
RES_750_0402_1/16_1%,"Dipoles_SMD:R_0402","http://www.vishay.com/docs/20035/dcrcwe3.pdf","Vishay","CRCW0402750RFKED","541-750LCT","http://www.digikey.com/product-detail/en/CRCW0402750RFKED/541-750LCT-ND/1183109","_","_"
RES_820_0402_1/16_1%,"Dipoles_SMD:R_0402","http://www.vishay.com/docs/20035/dcrcwe3.pdf","Vishay","CRCW0402820RFKED","541-820LCT","http://www.digikey.com/product-detail/en/CRCW0402820RFKED/541-820LCT-ND/1183113","_","_"
RES_910_0402_1/16_1%,"Dipoles_SMD:R_0402","http://www.vishay.com/docs/20035/dcrcwe3.pdf","Vishay","CRCW0402910RFKED","541-910LCT","http://www.digikey.com/product-detail/en/CRCW0402910RFKED/541-910LCT-ND/1183119","_","_"
RES_0.1k_0402_1/16_1%,"Dipoles_SMD:R_0402","http://www.vishay.com/docs/20035/dcrcwe3.pdf","Vishay","CRCW0402100RFKED","541-100LCT","http://www.digikey.com/product-detail/en/CRCW0402100RFKED/541-100LCT-ND/1183009","_","_"
RES_0.10k_0402_1/16_1%,"Dipoles_SMD:R_0402","http://www.vishay.com/docs/20035/dcrcwe3.pdf","Vishay","CRCW0402100RFKED","541-100LCT","http://www.digikey.com/product-detail/en/CRCW0402100RFKED/541-100LCT-ND/1183009","_","_"
RES_0.11k_0402_1/16_1%,"Dipoles_SMD:R_0402","http://www.vishay.com/docs/20035/dcrcwe3.pdf","Vishay","CRCW0402110RFKED","541-110LCT","http://www.digikey.com/product-detail/en/CRCW0402110RFKED/541-110LCT-ND/1183013","_","_"
RES_0.12k_0402_1/16_1%,"Dipoles_SMD:R_0402","http://www.vishay.com/docs/20035/dcrcwe3.pdf","Vishay","CRCW0402120RFKED","541-120LCT","http://www.digikey.com/product-detail/en/CRCW0402120RFKED/541-120LCT-ND/1183017","_","_"
RES_0.13k_0402_1/16_1%,"Dipoles_SMD:R_0402","http://www.vishay.com/docs/20035/dcrcwe3.pdf","Vishay","CRCW0402130RFKED","541-130LCT","http://www.digikey.com/product-detail/en/CRCW0402130RFKED/541-130LCT-ND/1183021","_","_"
RES_0.15k_0402_1/16_1%,"Dipoles_SMD:R_0402","http://www.vishay.com/docs/20035/dcrcwe3.pdf","Vishay","CRCW0402150RFKED","541-150LCT","http://www.digikey.com/product-detail/en/CRCW0402150RFKED/541-150LCT-ND/1183027","_","_"
RES_0.16k_0402_1/16_1%,"Dipoles_SMD:R_0402","http://www.vishay.com/docs/20035/dcrcwe3.pdf","Vishay","CRCW0402160RFKED","541-160LCT","http://www.digikey.com/product-detail/en/CRCW0402160RFKED/541-160LCT-ND/1183030","_","_"
RES_0.18k_0402_1/16_1%,"Dipoles_SMD:R_0402","http://www.vishay.com/docs/20035/dcrcwe3.pdf","Vishay","CRCW0402180RFKED","541-180LCT","http://www.digikey.com/product-detail/en/CRCW0402180RFKED/541-180LCT-ND/1183036","_","_"
RES_0.20k_0402_1/16_1%,"Dipoles_SMD:R_0402","http://www.vishay.com/docs/20035/dcrcwe3.pdf","Vishay","CRCW0402200RFKED","541-200LCT","http://www.digikey.com/product-detail/en/CRCW0402200RFKED/541-200LCT-ND/1183041","_","_"
RES_0.22k_0402_1/16_1%,"Dipoles_SMD:R_0402","http://www.vishay.com/docs/20035/dcrcwe3.pdf","Vishay","CRCW0402220RFKED","541-220LCT","http://www.digikey.com/product-detail/en/CRCW0402220RFKED/541-220LCT-ND/1183045","_","_"
RES_0.24k_0402_1/16_1%,"Dipoles_SMD:R_0402","http://www.vishay.com/docs/20035/dcrcwe3.pdf","Vishay","CRCW0402240RFKED","541-240LCT","http://www.digikey.com/product-detail/en/CRCW0402240RFKED/541-240LCT-ND/1183050","_","_"
RES_0.27k_0402_1/16_1%,"Dipoles_SMD:R_0402","http://www.vishay.com/docs/20035/dcrcwe3.pdf","Vishay","CRCW0402270RFKED","541-270LCT","http://www.digikey.com/product-detail/en/CRCW0402270RFKED/541-270LCT-ND/1183056","_","_"
RES_0.30k_0402_1/16_1%,"Dipoles_SMD:R_0402","http://www.vishay.com/docs/20035/dcrcwe3.pdf","Vishay","CRCW0402300RFKED","541-300LCT","http://www.digikey.com/product-detail/en/CRCW0402300RFKED/541-300LCT-ND/1183061","_","_"
RES_0.33k_0402_1/16_1%,"Dipoles_SMD:R_0402","http://www.vishay.com/docs/20035/dcrcwe3.pdf","Vishay","CRCW0402330RFKED","541-330LCT","http://www.digikey.com/product-detail/en/CRCW0402330RFKED/541-330LCT-ND/1183066","_","_"
RES_0.36k_0402_1/16_1%,"Dipoles_SMD:R_0402","http://www.vishay.com/docs/20035/dcrcwe3.pdf","Vishay","CRCW0402360RFKED","541-360LCT","http://www.digikey.com/product-detail/en/CRCW0402360RFKED/541-360LCT-ND/1183071","_","_"
RES_0.39k_0402_1/16_1%,"Dipoles_SMD:R_0402","http://www.vishay.com/docs/20035/dcrcwe3.pdf","Vishay","CRCW0402390RFKED","541-390LCT","http://www.digikey.com/product-detail/en/CRCW0402390RFKED/541-390LCT-ND/1183075","_","_"
RES_0.43k_0402_1/16_1%,"Dipoles_SMD:R_0402","http://www.vishay.com/docs/20035/dcrcwe3.pdf","Vishay","CRCW0402430RFKED","541-430LCT","http://www.digikey.com/product-detail/en/CRCW0402430RFKED/541-430LCT-ND/1183080","_","_"
RES_0.47k_0402_1/16_1%,"Dipoles_SMD:R_0402","http://www.vishay.com/docs/20035/dcrcwe3.pdf","Vishay","CRCW0402470RFKED","541-470LCT","http://www.digikey.com/product-detail/en/CRCW0402470RFKED/541-470LCT-ND/1183085","_","_"
RES_0.51k_0402_1/16_1%,"Dipoles_SMD:R_0402","http://www.vishay.com/docs/20035/dcrcwe3.pdf","Vishay","CRCW0402510RFKED","541-510LCT","http://www.digikey.com/product-detail/en/CRCW0402510RFKED/541-510LCT-ND/1183089","_","_"
RES_0.56k_0402_1/16_1%,"Dipoles_SMD:R_0402","http://www.vishay.com/docs/20035/dcrcwe3.pdf","Vishay","CRCW0402560RFKED","541-560LCT","http://www.digikey.com/product-detail/en/CRCW0402560RFKED/541-560LCT-ND/1183094","_","_"
RES_0.62k_0402_1/16_1%,"Dipoles_SMD:R_0402","http://www.vishay.com/docs/20035/dcrcwe3.pdf","Vishay","CRCW0402620RFKED","541-620LCT","http://www.digikey.com/product-detail/en/CRCW0402620RFKED/541-620LCT-ND/1183100","_","_"
RES_0.68k_0402_1/16_1%,"Dipoles_SMD:R_0402","http://www.vishay.com/docs/20035/dcrcwe3.pdf","Vishay","CRCW0402680RFKED","541-680LCT","http://www.digikey.com/product-detail/en/CRCW0402680RFKED/541-680LCT-ND/1183104","_","_"
RES_0.75k_0402_1/16_1%,"Dipoles_SMD:R_0402","http://www.vishay.com/docs/20035/dcrcwe3.pdf","Vishay","CRCW0402750RFKED","541-750LCT","http://www.digikey.com/product-detail/en/CRCW0402750RFKED/541-750LCT-ND/1183109","_","_"
RES_0.82k_0402_1/16_1%,"Dipoles_SMD:R_0402","http://www.vishay.com/docs/20035/dcrcwe3.pdf","Vishay","CRCW0402820RFKED","541-820LCT","http://www.digikey.com/product-detail/en/CRCW0402820RFKED/541-820LCT-ND/1183113","_","_"
RES_0.91k_0402_1/16_1%,"Dipoles_SMD:R_0402","http://www.vishay.com/docs/20035/dcrcwe3.pdf","Vishay","CRCW0402910RFKED","541-910LCT","http://www.digikey.com/product-detail/en/CRCW0402910RFKED/541-910LCT-ND/1183119","_","_"
RES_1k_0402_1/16_1%,"Dipoles_SMD:R_0402","http://www.vishay.com/docs/20035/dcrcwe3.pdf","Vishay","CRCW04021K00FKED","541-1.00KL","http://www.digikey.com/product-detail/en/CRCW04021K00FKED/541-1.00KLCT-ND/1183123","_","_"
RES_1.0k_0402_1/16_1%,"Dipoles_SMD:R_0402","http://www.vishay.com/docs/20035/dcrcwe3.pdf","Vishay","CRCW04021K00FKED","541-1.00KL","http://www.digikey.com/product-detail/en/CRCW04021K00FKED/541-1.00KLCT-ND/1183123","_","_"
RES_1.1k_0402_1/16_1%,"Dipoles_SMD:R_0402","http://www.vishay.com/docs/20035/dcrcwe3.pdf","Vishay","_","_","_","_","_"
RES_1.2k_0402_1/16_1%,"Dipoles_SMD:R_0402","http://www.vishay.com/docs/20035/dcrcwe3.pdf","Vishay","541-1.20KL","CRCW04021K20FKED","http://www.digikey.com/product-detail/en/CRCW04021K20FKED/541-1.20KLCT-ND/1183131","_","_"
RES_1.3k_0402_1/16_1%,"Dipoles_SMD:R_0402","http://www.vishay.com/docs/20035/dcrcwe3.pdf","Vishay","_","_","_","_","_"
RES_1.5k_0402_1/16_1%,"Dipoles_SMD:R_0402","http://www.vishay.com/docs/20035/dcrcwe3.pdf","Vishay","CRCW04021K50FKED","541-1.50KL","http://www.digikey.com/product-detail/en/CRCW04021K50FKED/541-1.50KLCT-ND/1183141","_","_"
RES_1.6k_0402_1/16_1%,"Dipoles_SMD:R_0402","http://www.vishay.com/docs/20035/dcrcwe3.pdf","Vishay","_","_","_","_","_"
RES_1.8k_0402_1/16_1%,"Dipoles_SMD:R_0402","http://www.vishay.com/docs/20035/dcrcwe3.pdf","Vishay","CRCW04021K80FKED","541-1.80KL","http://www.digikey.com/product-detail/en/CRCW04021K80FKED/541-1.80KLCT-ND/1183150","_","_"
RES_2.0k_0402_1/16_1%,"Dipoles_SMD:R_0402","http://www.vishay.com/docs/20035/dcrcwe3.pdf","Vishay","_","_","_","_","_"
RES_2.2k_0402_1/16_1%,"Dipoles_SMD:R_0402","http://www.vishay.com/docs/20035/dcrcwe3.pdf","Vishay","CRCW04022K20FKED","541-2.20KL","http://www.digikey.com/product-detail/en/CRCW04022K20FKED/541-2.20KLCT-ND/1183159","_","_"
RES_2.4k_0402_1/16_1%,"Dipoles_SMD:R_0402","http://www.vishay.com/docs/20035/dcrcwe3.pdf","Vishay","_","_","_","_","_"
RES_2.7k_0402_1/16_1%,"Dipoles_SMD:R_0402","http://www.vishay.com/docs/20035/dcrcwe3.pdf","Vishay","CRCW04022K70FKED","541-2.70KL","http://www.digikey.com/product-detail/en/CRCW04022K70FKED/541-2.70KLCT-ND/1183170","_","_"
RES_3.0k_0402_1/16_1%,"Dipoles_SMD:R_0402","http://www.vishay.com/docs/20035/dcrcwe3.pdf","Vishay","_","_","_","_","_"
RES_3k_0402_1/16_1%,"Dipoles_SMD:R_0402","http://www.vishay.com/docs/20035/dcrcwe3.pdf","Vishay","_","_","_","_","_"
RES_3.3k_0402_1/16_1%,"Dipoles_SMD:R_0402","http://www.vishay.com/docs/20035/dcrcwe3.pdf","Vishay","CRCW04023K30FKED","541-3.30KL","http://www.digikey.com/product-detail/en/CRCW04023K30FKED/541-3.30KLCT-ND/1183180","_","_"
RES_3.6k_0402_1/16_1%,"Dipoles_SMD:R_0402","http://www.vishay.com/docs/20035/dcrcwe3.pdf","Vishay","_","_","_","_","_"
RES_3.9k_0402_1/16_1%,"Dipoles_SMD:R_0402","http://www.vishay.com/docs/20035/dcrcwe3.pdf","Vishay","CRCW04023K90FKED","541-3.90KL","http://www.digikey.com/product-detail/en/CRCW04023K90FKED/541-3.90KLCT-ND/1183189","_","_"
RES_4.3k_0402_1/16_1%,"Dipoles_SMD:R_0402","http://www.vishay.com/docs/20035/dcrcwe3.pdf","Vishay","_","_","_","_","_"
RES_4.7k_0402_1/16_1%,"Dipoles_SMD:R_0402","http://www.vishay.com/docs/20035/dcrcwe3.pdf","Vishay","CRCW04024K70FKED","541-4.70KL","http://www.digikey.com/product-detail/en/CRCW04024K70FKED/541-4.70KLCT-ND/1183199","_","_"
RES_5.1k_0402_1/16_1%,"Dipoles_SMD:R_0402","http://www.vishay.com/docs/20035/dcrcwe3.pdf","Vishay","_","_","_","_","_"
RES_5.6k_0402_1/16_1%,"Dipoles_SMD:R_0402","http://www.vishay.com/docs/20035/dcrcwe3.pdf","Vishay","CRCW04025K60FKED","541-5.60KL","http://www.digikey.com/product-detail/en/CRCW04025K60FKED/541-5.60KLCT-ND/1183208","_","_"
RES_6.04k_0402_1/16_1%,"Dipoles_SMD:R_0402","http://www.vishay.com/docs/20035/dcrcwe3.pdf","Vishay","CRCW04026K04FKED","541-6.04KL","http://www.digikey.com/product-detail/en/CRCW04026K04FKED/541-6.04KLCT-ND/1183212","_","_"
RES_6.2k_0402_1/16_1%,"Dipoles_SMD:R_0402","http://www.vishay.com/docs/20035/dcrcwe3.pdf","Vishay","_","_","_","_","_"
RES_6.49k_0402_1/16_1%,"Dipoles_SMD:R_0402","http://www.vishay.com/docs/20035/dcrcwe3.pdf","Vishay","CRCW04026K49FKED","541-6.49KL","http://www.digikey.com/product-detail/en/CRCW04026K49FKED/541-6.49KLCT-ND/1183216","_","_"
RES_6.8k_0402_1/16_1%,"Dipoles_SMD:R_0402","http://www.vishay.com/docs/20035/dcrcwe3.pdf","Vishay","CRCW04026K80FKED","541-6.80KL","http://www.digikey.com/product-detail/en/CRCW04026K80FKED/541-6.80KLCT-ND/1183218","_","_"
RES_7.5k_0402_1/16_1%,"Dipoles_SMD:R_0402","http://www.vishay.com/docs/20035/dcrcwe3.pdf","Vishay","_","_","_","_","_"
RES_8.2k_0402_1/16_1%,"Dipoles_SMD:R_0402","http://www.vishay.com/docs/20035/dcrcwe3.pdf","Vishay","CRCW04028K20FKED","541-8.20KL","http://www.digikey.com/product-detail/en/CRCW04028K20FKED/541-8.20KLCT-ND/1183227","_","_"
RES_8.25k_0402_1/16_1%,"Dipoles_SMD:R_0402","http://www.vishay.com/docs/20035/dcrcwe3.pdf","Vishay","CRCW04028K25FKED","541-8.20KL","http://www.digikey.com/product-detail/en/CRCW04028K25FKED/541-8.25KLCT-ND/1178112","_","_"
RES_9.1k_0402_1/16_1%,"Dipoles_SMD:R_0402","http://www.vishay.com/docs/20035/dcrcwe3.pdf","Vishay","_","_","_","_","_"
RES_10k_0402_1/16_1%,"Dipoles_SMD:R_0402","http://www.vishay.com/docs/20035/dcrcwe3.pdf","Vishay","CRCW040210K0FKED","541-10.0KL","http://www.digikey.com/product-detail/en/CRCW040210K0FKED/541-10.0KLCT-ND/1183237","_","_"
RES_10.0k_0402_1/16_1%,"Dipoles_SMD:R_0402","http://www.vishay.com/docs/20035/dcrcwe3.pdf","Vishay","CRCW040210K0FKED","541-10.0KL","http://www.digikey.com/product-detail/en/CRCW040210K0FKED/541-10.0KLCT-ND/1183237","_","_"
RES_10000_0402_1/16_1%,"Dipoles_SMD:R_0402","http://www.vishay.com/docs/20035/dcrcwe3.pdf","Vishay","CRCW040210K0FKED","541-10.0KL","http://www.digikey.com/product-detail/en/CRCW040210K0FKED/541-10.0KLCT-ND/1183237","_","_"
RES_11k_0402_1/16_1%,"Dipoles_SMD:R_0402","http://www.vishay.com/docs/20035/dcrcwe3.pdf","Vishay","_","_","_","_","_"
RES_12k_0402_1/16_1%,"Dipoles_SMD:R_0402","http://www.vishay.com/docs/20035/dcrcwe3.pdf","Vishay","CRCW040212K0FKED","541-12.0KL","http://www.digikey.com/product-detail/en/CRCW040212K0FKED/541-12.0KLCT-ND/1183245","_","_"
RES_13k_0402_1/16_1%,"Dipoles_SMD:R_0402","http://www.vishay.com/docs/20035/dcrcwe3.pdf","Vishay","_","_","_","_","_"
RES_15k_0402_1/16_1%,"Dipoles_SMD:R_0402","http://www.vishay.com/docs/20035/dcrcwe3.pdf","Vishay","CRCW040215K0FKED","541-15.0KL","http://www.digikey.com/product-detail/en/CRCW040215K0FKED/541-15.0KLCT-ND/1183255","_","_"
RES_16k_0402_1/16_1%,"Dipoles_SMD:R_0402","http://www.vishay.com/docs/20035/dcrcwe3.pdf","Vishay","_","_","_","_","_"
RES_18k_0402_1/16_1%,"Dipoles_SMD:R_0402","http://www.vishay.com/docs/20035/dcrcwe3.pdf","Vishay","_","_","_","_","_"
RES_20k_0402_1/16_1%,"Dipoles_SMD:R_0402","http://www.vishay.com/docs/20035/dcrcwe3.pdf","Vishay","_","_","_","_","_"
RES_22k_0402_1/16_1%,"Dipoles_SMD:R_0402","http://www.vishay.com/docs/20035/dcrcwe3.pdf","Vishay","CRCW040222K0FKED","541-22.0KL","http://www.digikey.com/product-detail/en/CRCW040222K0FKED/541-22.0KLCT-ND/1183273","_","_"
RES_24k_0402_1/16_1%,"Dipoles_SMD:R_0402","http://www.vishay.com/docs/20035/dcrcwe3.pdf","Vishay","_","_","_","_","_"
RES_26.7k_0402_1/16_1%,"Dipoles_SMD:R_0402","http://www.vishay.com/docs/20035/dcrcwe3.pdf","Vishay","CRCW040226K7FKED","541-26.7KL","http://www.digikey.com/product-detail/en/CRCW040226K7FKED/541-26.7KLCT-ND/1183283","_","_"
RES_27k_0402_1/16_1%,"Dipoles_SMD:R_0402","http://www.vishay.com/docs/20035/dcrcwe3.pdf","Vishay","CRCW040227K0FKED","541-27.0KL","http://www.digikey.com/product-detail/en/CRCW040227K0FKED/541-27.0KLCT-ND/1183284","_","_"
RES_30k_0402_1/16_1%,"Dipoles_SMD:R_0402","http://www.vishay.com/docs/20035/dcrcwe3.pdf","Vishay","_","_","_","_","_"
RES_33k_0402_1/16_1%,"Dipoles_SMD:R_0402","http://www.vishay.com/docs/20035/dcrcwe3.pdf","Vishay","CRCW040233K0FKED","541-33.0KL","http://www.digikey.com/product-detail/en/CRCW040233K0FKED/541-33.0KLCT-ND/1183294","_","_"
RES_36k_0402_1/16_1%,"Dipoles_SMD:R_0402","http://www.vishay.com/docs/20035/dcrcwe3.pdf","Vishay","_","_","_","_","_"
RES_37.4k_0402_1/16_1%,"Dipoles_SMD:R_0402","http://www.vishay.com/docs/20035/dcrcwe3.pdf","Vishay","CRCW040237K4FKED","541-37.4KL","http://www.digikey.com/product-detail/en/CRCW040237K4FKED/541-37.4KLCT-ND/1183301","_","_"
RES_39k_0402_1/16_1%,"Dipoles_SMD:R_0402","http://www.vishay.com/docs/20035/dcrcwe3.pdf","Vishay","CRCW040239K0FKED","541-39.0KL","http://www.digikey.com/product-detail/en/CRCW040239K0FKED/541-39.0KLCT-ND/1183303","_","_"
RES_43k_0402_1/16_1%,"Dipoles_SMD:R_0402","http://www.vishay.com/docs/20035/dcrcwe3.pdf","Vishay","_","_","_","_","_"
RES_45.3k_0402_1/16_1%,"Dipoles_SMD:R_0402","http://www.vishay.com/docs/20035/dcrcwe3.pdf","Vishay","CRCW040245K3FKED","541-45.3KL","http://www.digikey.com/product-detail/en/CRCW040245K3FKED/541-45.3KLCT-ND/1183311","_","_"
RES_47k_0402_1/16_1%,"Dipoles_SMD:R_0402","http://www.vishay.com/docs/20035/dcrcwe3.pdf","Vishay","CRCW040247K0FKED","541-47.0KL","http://www.digikey.com/product-detail/en/CRCW040247K0FKED/541-47.0KLCT-ND/1183313","_","_"
RES_51k_0402_1/16_1%,"Dipoles_SMD:R_0402","http://www.vishay.com/docs/20035/dcrcwe3.pdf","Vishay","_","_","_","_","_"
RES_56k_0402_1/16_1%,"Dipoles_SMD:R_0402","http://www.vishay.com/docs/20035/dcrcwe3.pdf","Vishay","CRCW040256K0FKED","541-56.0KL","http://www.digikey.com/product-detail/en/CRCW040256K0FKED/541-56.0KLCT-ND/1183322","_","_"
RES_57.6k_0402_1/16_1%,"Dipoles_SMD:R_0402","http://www.vishay.com/docs/20035/dcrcwe3.pdf","Vishay","CRCW040257K6FKED","541-57.6KL","http://www.digikey.com/product-detail/en/CRCW040257K6FKED/541-57.6KLCT-ND/1183324","_","_"
RES_62k_0402_1/16_1%,"Dipoles_SMD:R_0402","http://www.vishay.com/docs/20035/dcrcwe3.pdf","Vishay","_","_","_","_","_"
RES_68k_0402_1/16_1%,"Dipoles_SMD:R_0402","http://www.vishay.com/docs/20035/dcrcwe3.pdf","Vishay","CRCW040268K0FKED","541-68.0KL","http://www.digikey.com/product-detail/en/CRCW040268K0FKED/541-68.0KLCT-ND/1183332","_","_"
RES_75k_0402_1/16_1%,"Dipoles_SMD:R_0402","http://www.vishay.com/docs/20035/dcrcwe3.pdf","Vishay","_","_","_","_","_"
RES_82k_0402_1/16_1%,"Dipoles_SMD:R_0402","http://www.vishay.com/docs/20035/dcrcwe3.pdf","Vishay","CRCW040282K0FKED","541-82.0KL","http://www.digikey.com/product-detail/en/CRCW040282K0FKED/541-82.0KLCT-ND/1183341","_","_"
RES_91k_0402_1/16_1%,"Dipoles_SMD:R_0402","http://www.vishay.com/docs/20035/dcrcwe3.pdf","Vishay","_","_","_","_","_"
RES_100k_0402_1/16_1%,"Dipoles_SMD:R_0402","http://www.vishay.com/docs/20035/dcrcwe3.pdf","Vishay","CRCW0402100KFKED","541-100KL","http://www.digikey.com/product-detail/en/CRCW0402100KFKED/541-100KLCT-ND/1183351","_","_"
RES_107k_0402_1/16_1%,"Dipoles_SMD:R_0402","http://www.vishay.com/docs/20035/dcrcwe3.pdf","Vishay","CRCW0402107KFKED","541-107KL","http://www.digikey.com/product-detail/en/CRCW0402107KFKED/541-107KLCT-ND/1183354","_","_"
RES_110k_0402_1/16_1%,"Dipoles_SMD:R_0402","http://www.vishay.com/docs/20035/dcrcwe3.pdf","Vishay","_","_","_","_","_"
RES_120k_0402_1/16_1%,"Dipoles_SMD:R_0402","http://www.vishay.com/docs/20035/dcrcwe3.pdf","Vishay","CRCW0402120KFKED","541-120KL","http://www.digikey.com/product-detail/en/CRCW0402120KFKED/541-120KLCT-ND/1183359","_","_"
RES_130k_0402_1/16_1%,"Dipoles_SMD:R_0402","http://www.vishay.com/docs/20035/dcrcwe3.pdf","Vishay","_","_","_","_","_"
RES_150k_0402_1/16_1%,"Dipoles_SMD:R_0402","http://www.vishay.com/docs/20035/dcrcwe3.pdf","Vishay","CRCW0402150KFKED","541-150KL","http://www.digikey.com/product-detail/en/CRCW0402150KFKED/541-150KLCT-ND/1183369","_","_"
RES_160k_0402_1/16_1%,"Dipoles_SMD:R_0402","http://www.vishay.com/docs/20035/dcrcwe3.pdf","Vishay","_","_","_","_","_"
RES_180k_0402_1/16_1%,"Dipoles_SMD:R_0402","http://www.vishay.com/docs/20035/dcrcwe3.pdf","Vishay","CRCW0402180KFKED","541-180KL","http://www.digikey.com/product-detail/en/CRCW0402180KFKED/541-180KLCT-ND/1183378","_","_"
RES_200k_0402_1/16_1%,"Dipoles_SMD:R_0402","http://www.vishay.com/docs/20035/dcrcwe3.pdf","Vishay","_","_","_","_","_"
RES_220k_0402_1/16_1%,"Dipoles_SMD:R_0402","http://www.vishay.com/docs/20035/dcrcwe3.pdf","Vishay","CRCW0402220KFKED","541-220KL","http://www.digikey.com/product-detail/en/CRCW0402220KFKED/541-220KLCT-ND/1183387","_","_"
RES_240k_0402_1/16_1%,"Dipoles_SMD:R_0402","http://www.vishay.com/docs/20035/dcrcwe3.pdf","Vishay","_","_","_","_","_"
RES_270k_0402_1/16_1%,"Dipoles_SMD:R_0402","http://www.vishay.com/docs/20035/dcrcwe3.pdf","Vishay","CRCW0402270KFKED","541-270KL","http://www.digikey.com/product-detail/en/CRCW0402270KFKED/541-270KLCT-ND/1183398","_","_"
RES_300k_0402_1/16_1%,"Dipoles_SMD:R_0402","http://www.vishay.com/docs/20035/dcrcwe3.pdf","Vishay","CRCW0402300KFKED","541-300KL","http://www.digikey.com/product-detail/en/CRCW0402300KFKED/541-300KLCT-ND/1183403","_","_"
RES_330k_0402_1/16_1%,"Dipoles_SMD:R_0402","http://www.vishay.com/docs/20035/dcrcwe3.pdf","Vishay","CRCW0402330KFKED","541-330KL","http://www.digikey.com/product-detail/en/CRCW0402330KFKED/541-330KLCT-ND/1183408","_","_"
RES_360k_0402_1/16_1%,"Dipoles_SMD:R_0402","http://www.vishay.com/docs/20035/dcrcwe3.pdf","Vishay","_","_","_","_","_"
RES_390k_0402_1/16_1%,"Dipoles_SMD:R_0402","http://www.vishay.com/docs/20035/dcrcwe3.pdf","Vishay","CRCW0402390KFKED","541-390KL","http://www.digikey.com/product-detail/en/CRCW0402390KFKED/541-390KLCT-ND/1183417","_","_"
RES_430k_0402_1/16_1%,"Dipoles_SMD:R_0402","http://www.vishay.com/docs/20035/dcrcwe3.pdf","Vishay","_","_","_","_","_"
RES_470k_0402_1/16_1%,"Dipoles_SMD:R_0402","http://www.vishay.com/docs/20035/dcrcwe3.pdf","Vishay","CRCW0402470KFKED","541-470KL","http://www.digikey.com/product-detail/en/CRCW0402470KFKED/541-470KLCT-ND/1183427","_","_"
RES_510k_0402_1/16_1%,"Dipoles_SMD:R_0402","http://www.vishay.com/docs/20035/dcrcwe3.pdf","Vishay","_","_","_","_","_"
RES_560k_0402_1/16_1%,"Dipoles_SMD:R_0402","http://www.vishay.com/docs/20035/dcrcwe3.pdf","Vishay","CRCW0402560KFKED","541-560KL","http://www.digikey.com/product-detail/en/CRCW0402560KFKED/541-560KLCT-ND/1183436","_","_"
RES_620k_0402_1/16_1%,"Dipoles_SMD:R_0402","http://www.vishay.com/docs/20035/dcrcwe3.pdf","Vishay","_","_","_","_","_"
RES_680k_0402_1/16_1%,"Dipoles_SMD:R_0402","http://www.vishay.com/docs/20035/dcrcwe3.pdf","Vishay","CRCW0402680KFKED","541-680KL","http://www.digikey.com/product-detail/en/CRCW0402680KFKED/541-680KLCT-ND/1183446","_","_"
RES_750k_0402_1/16_1%,"Dipoles_SMD:R_0402","http://www.vishay.com/docs/20035/dcrcwe3.pdf","Vishay","_","_","_","_","_"
RES_820k_0402_1/16_1%,"Dipoles_SMD:R_0402","http://www.vishay.com/docs/20035/dcrcwe3.pdf","Vishay","CRCW0402820KFKED","541-820KL","http://www.digikey.com/product-detail/en/CRCW0402820KFKED/541-820KLCT-ND/1183455","_","_"
RES_910k_0402_1/16_1%,"Dipoles_SMD:R_0402","http://www.vishay.com/docs/20035/dcrcwe3.pdf","Vishay","_","_","_","_","_"
